Expression;Human Translation;Google Translate;DeepL;Yandex Translate;Language;Category
Healing era;период восстановления;эра исцеления;период восстановления;период исцеления;English;😂 Мемдер
Soft life;спокойная комфортная жизнь;мягкая жизнь;комфортная жизнь;спокойная жизнь;English;😂 Мемдер
Romanticize your life;романтизируй свою жизнь;романтизируй свою жизнь;сделай жизнь красивее;романтизируй жизнь;English;📱 Социалдык тармактар
Lucky girl syndrome;синдром удачливой девушки;синдром счастливой девушки;синдром удачи;синдром везучей девушки;English;😂 Мемде
Hot girl walk;прогулка для уверенности;прогулка горячей девушки;уверенная прогулка;горячая прогулка;English;😂 Мемдер
That girl;идеальная версия себя;та девушка;идеальная девушка;та самая девушка;English;😂 Мемдер
Sunday reset;воскресная перезагрузка;воскресный сброс;воскресная перезагрузка;перезагрузка в воскресенье;English;📱 Социалдык тармактар
Glow up;сильное преображение;сияние вверх;преображение;глоу ап;English;😂 Мемдер
Manifesting;визуализировать желаемое;манифестировать;визуализировать желания;манифестировать;English;📱 Социалдык тармактар
NPC behavior;поведение как у NPC;поведение NPC;поведение NPC;поведение нпс;English;🎮 Оюн сленги
Canon event;неизбежный этап;каноническое событие;неизбежное событие;канон событие;English;😂 Мемдер
Brain rot;интернет-зависимый юмор;гниение мозга;интернет-зависимость;разложение мозга;English;😂 Мемдер
POV;точка зрения;точка зрения;перспектива;пов;English;📱 Социалдык тармактар
Skill issue;проблема в навыках;проблема навыков;нехватка навыков;скилл ишью;English;🎮 Оюн сленги
GG;хорошая игра;гг;хорошая игра;хорошая игра;English;🎮 Оюн сленги
Rage quit;выйти из игры из-за злости;яростный выход;выйти в гневе;выйти психанув;English;🎮 Оюн сленги
AFK;отошел от клавиатуры;афк;отошел от клавиатуры;афк;English;🎮 Оюн сленги
Nerf;ослабить персонажа;нерф;ослабить;понерфить;English;🎮 Оюн сленги
Buff;усилить персонажа;бафф;усилить;забафать;English;🎮 Оюн сленги
Break the ice;разрядить обстановку;сломать лед;разрядить обстановку;сломать лед;English;📖 Идиомалар
Piece of cake;очень легко;кусок торта;очень легко;кусок пирога;English;📖 Идиомалар
Spill the beans;раскрыть секрет;рассыпать бобы;выдать секрет;рассыпать фасоль;English;📖 Идиомалар
Hit the books;сесть за учебу;ударить книги;заняться учебой;удариться в учебу;English;📖 Идиомалар
Under the weather;плохо себя чувствовать;под погодой;плохо себя чувствовать;под погодой;English;📖 Идиомалар
Beat around the bush;ходить вокруг да около;бить вокруг куста;ходить вокруг да около;ходить вокруг куста;English;📖 Идиомалар
Miss the boat;упустить шанс;пропустить лодку;упустить возможность;упустить лодку;English;📖 Идиомалар
Pull someone’s leg;подшучивать над кем-то;тянуть чью-то ногу;подшучивать;дергать за ногу;English;📖 Идиомалар
Call it a day;закончить на сегодня;назвать это днем;закончить на сегодня;закончить день;English;📖 Идиомалар
Out of the blue;неожиданно;из синего;неожиданно;из ниоткуда;English;📖 Идиомалар
Take it easy;расслабься;успокойся;расслабься;полегче;English;🌍 Интернет сленги
You’ve got this;у тебя получится;у тебя есть это;ты справишься;у тебя получится;English;🌍 Интернет сленги
No worries;без проблем;никаких забот;без проблем;не переживай;English;🌍 Интернет сленги
I’m dead;я умираю со смеху;я мертв;я умираю со смеху;я умер;English;😂 Мемдер
Go off;жги / выскажись;уйти прочь;выскажись;жги;English;🌍 Интернет сленги
Periodt;и точка;период;и точка;периодт;English;😂 Мемдер
Facts;это правда;факты;это правда;факты;English;🌍 Интернет сленги
For real;правда / реально;по-настоящему;серьезно;реально;English;🌍 Интернет сленги
Make it make sense;объясните нормально;заставь это иметь смысл;объясни нормально;сделай это логичным;English;😂 Мемдер
Ate and left no crumbs;сделал идеально;съел и не оставил крошек;сделал идеально;съел без крошек;English;😂 Мемдер
Glow down;изменение в худшую сторону;сияние вниз;ухудшение внешности;глоу даун;English;😂 Мемдер
Clap back;резко ответить;хлопнуть в ответ;резко ответить;ответить жестко;English;🌍 Интернет сленги
Ratio;ответ набрал больше реакции;соотношение;получить больше реакции;рейшо;English;📱 Социалдык тармактар
Cancel culture;культура отмены;культура отмены;культура отмены;культура отмены;English;📱 Социалдык тармактар
Tea;сплетни / новости;чай;сплетни;чай;English;🌍 Интернет сленги
Throw shade;тонко критиковать;бросать тень;тонко критиковать;кидать тень;English;🌍 Интернет сленги
Savage;дерзкий / жесткий;дикарь;жесткий;сэвэдж;English;🌍 Интернет сленги
Big mood;очень жизненно;большое настроение;очень жизненно;большой вайб;English;😂 Мемдер
Pass the vibe check;подходить по вайбу;пройти проверку вибраций;подходить по атмосфере;пройти вайб чек;English;🌍 Интернет сленги
Fail the vibe check;не подходить по вайбу;не пройти проверку вибраций;не подходить по атмосфере;не пройти вайб чек;English;🌍 Интернет сленги
Go touch some grass;оторвись от интернета;иди потрогай траву;оторвись от интернета;иди потрогай траву;English;🌍 Интернет сленги
Overthinking;чрезмерное обдумывание;слишком много думать;навязчивые мысли;оверthinking;English;🧠 Психология
Attachment issues;проблемы с привязанностью;проблемы привязанности;трудности в отношениях;проблемы с привязанностью;English;🧠 Психология
People pleaser;человек который всем угождает;угодник людям;человек стремящийся всем понравиться;пипл плизер;English;🧠 Психология
Inner child;внутренний ребенок;внутренний ребенок;детская часть личности;внутренний ребенок;English;🧠 Психология
Emotional baggage;эмоциональный груз прошлого;эмоциональный багаж;психологический груз;эмоциональный багаж;English;🧠 Психология
Anxiety attack;приступ тревоги;атака тревоги;приступ паники;тревожная атака;English;🧠 Психология
Emotional burnout;эмоциональное выгорание;эмоциональное выгорание;моральное истощение;эмоциональный burnout;English;🧠 Психология
Self-esteem;самооценка;самооценка;уверенность в себе;самооценка;English;🧠 Психология
Self-sabotage;саморазрушительное поведение;самосаботаж;мешать самому себе;самосаботаж;English;🧠 Психология
Trauma response;реакция на травму;травматический ответ;реакция психики на травму;реакция на травму;English;🧠 Психология
Emotional support;эмоциональная поддержка;эмоциональная поддержка;моральная поддержка;эмоциональная поддержка;English;🧠 Психология
Safe space;безопасная психологическая среда;безопасное пространство;комфортная среда;безопасное пространство;English;🧠 Психология
Boundary issues;проблемы с личными границами;проблемы границ;нарушение личных границ;проблемы с границами;English;🧠 Психология
Emotional trigger;эмоциональный триггер;эмоциональный спусковой механизм;сильный раздражитель;эмоциональный триггер;English;🧠 Психология
Gaslighting;психологическая манипуляция;газлайтинг;манипуляция восприятием;газлайтинг;English;🧠 Психология
Toxic positivity;токсичный позитив;токсичная позитивность;навязчивый позитив;токсичный позитив;English;🧠 Психология
Mental breakdown;нервный срыв;психический срыв;нервный срыв;ментальный срыв;English;🧠 Психология
Emotional intelligence;эмоциональный интеллект;эмоциональный интеллект;умение понимать эмоции;эмоциональный интеллект;English;🧠 Психология
Social anxiety;социальная тревожность;социальная тревога;страх общения;социальная тревожность;English;🧠 Психология
Coping mechanism;механизм психологической защиты;механизм преодоления;способ справляться со стрессом;копинг механизм;English;🧠 Психология
Machine translation;машинный перевод;машинный перевод;автоматический перевод;машинный перевод;English;🤖 NLP терминдери
Natural language processing;обработка естественного языка;обработка естественного языка;NLP;обработка натурального языка;English;🤖 NLP терминдери
Corpus linguistics;корпусная лингвистика;корпусная лингвистика;корпусная лингвистика;лингвистика корпусов;English;🤖 NLP терминдери
Neural network;нейронная сеть;нейронная сеть;нейросеть;нейронная сеть;English;🤖 NLP терминдери
Deep learning;глубокое обучение;глубокое обучение;глубинное обучение;глубокое обучение;English;🤖 NLP терминдери
Training dataset;обучающий набор данных;тренировочный датасет;обучающий набор данных;тренировочные данные;English;🤖 NLP терминдери
Speech recognition;распознавание речи;распознавание речи;распознавание голоса;распознавание речи;English;🤖 NLP терминдери
Speech synthesis;синтез речи;синтез речи;голосовой синтез;синтез речи;English;🤖 NLP терминдери
Text preprocessing;предобработка текста;предварительная обработка текста;предобработка текста;обработка текста;English;🤖 NLP терминдери
Tokenization;токенизация;токенизация;разбиение на токены;токенизация;English;🤖 NLP терминдери
Part-of-speech tagging;морфологическая разметка;маркировка частей речи;морфологическая разметка;разметка частей речи;English;🤖 NLP терминдери
Named entity recognition;распознавание именованных сущностей;распознавание именованных сущностей;NER;распознавание сущностей;English;🤖 NLP терминдери
Parallel corpus;параллельный корпус;параллельный корпус;параллельный корпус;параллельный корпус;English;🤖 NLP терминдери
Word embedding;векторное представление слова;встраивание слов;эмбеддинг слов;вектор слова;English;🤖 NLP терминдери
Transformer model;трансформерная модель;модель трансформера;трансформер модель;модель трансформер;English;🤖 NLP терминдери
Language model;языковая модель;языковая модель;языковая модель;языковая модель;English;🤖 NLP терминдери
Semantic analysis;семантический анализ;семантический анализ;анализ смысла;семантический анализ;English;🤖 NLP терминдери
Syntax parsing;синтаксический разбор;синтаксический анализ;синтаксический разбор;разбор синтаксиса;English;🤖 NLP терминдери
Automatic translation quality;качество машинного перевода;качество автоматического перевода;качество перевода ИИ;качество машинного перевода;English;🤖 NLP терминдери
Computational linguistics;компьютерная лингвистика;вычислительная лингвистика;компьютерная лингвистика;компьютерная лингвистика;English;🤖 NLP терминдери
Deadline;крайний срок;дедлайн;крайний срок;дедлайн;English;💼 Бизнес англис тили
Burnout;выгорание;выгорание;эмоциональное выгорание;выгорание;English;💼 Бизнес англис тили
Work-life balance;баланс работы и личной жизни;баланс работы и жизни;баланс между работой и жизнью;баланс работы и жизни;English;💼 Бизнес англис тили
Think outside the box;мыслить нестандартно;думать вне коробки;мыслить креативно;думать вне рамок;English;💼 Бизнес англис тили
Team player;человек умеющий работать в команде;командный игрок;командный сотрудник;тим плеер;English;💼 Бизнес англис тили
Multitasking;многозадачность;многозадачность;выполнение нескольких задач;мультизадачность;English;💼 Бизнес англис тили
Remote work;удаленная работа;удаленная работа;работа дистанционно;работа онлайн;English;💼 Бизнес англис тили
Workload;рабочая нагрузка;рабочая нагрузка;объем работы;нагрузка по работе;English;💼 Бизнес англис тили
Job interview;собеседование;интервью на работу;собеседование;рабочее интервью;English;💼 Бизнес англис тили
Networking;полезные профессиональные знакомства;сетевое взаимодействие;профессиональные связи;нетворкинг;English;💼 Бизнес англис тили
Career growth;карьерный рост;рост карьеры;карьерное развитие;карьерный рост;English;💼 Бизнес англис тили
Overtime;сверхурочная работа;сверхурочное время;переработка;овертайм;English;💼 Бизнес англис тили
Micromanaging;чрезмерный контроль сотрудников;микроуправление;чрезмерный контроль;микроменеджмент;English;💼 Бизнес англис тили
Performance review;оценка работы сотрудника;обзор производительности;оценка эффективности;оценка работы;English;💼 Бизнес англис тили
Corporate culture;корпоративная культура;корпоративная культура;культура компании;корпоративная культура;English;💼 Бизнес англис тили
Brainstorming;мозговой штурм;мозговой штурм;генерация идей;брейншторм;English;💼 Бизнес англис тили
Time management;управление временем;управление временем;тайм-менеджмент;управление временем;English;💼 Бизнес англис тили
Work under pressure;работать под давлением;работать под давлением;работать в стрессовых условиях;работать под давлением;English;💼 Бизнес англис тили
Promotion;повышение по работе;продвижение;повышение должности;повышение;English;💼 Бизнес англис тили
Job satisfaction;удовлетворенность работой;удовлетворение работой;удовлетворенность работой;удовольствие от работы;English;💼 Бизнес англис тили
I feel empty;я чувствую пустоту;я чувствую себя пустым;я чувствую пустоту;чувствую пустоту;English;💔 Эмоционалдык сөздөр
This broke me;это меня сломало;это сломало меня;это меня сломало;это меня разбило;English;💔 Эмоционалдык сөздөр
My heart sank;у меня сердце упало;мое сердце утонуло;у меня упало сердце;сердце ушло в пятки;English;💔 Эмоционалдык сөздөр
I’m overwhelmed;я эмоционально перегружен;я переполнен;я перегружен эмоционально;я overwhelmed;English;💔 Эмоционалдык сөздөр
I can’t handle this;я не могу с этим справиться;я не могу справиться с этим;мне тяжело это выдержать;не могу это вынести;English;💔 Эмоционалдык сөздөр
I’m mentally exhausted;я морально выгорел;я умственно истощен;я морально истощен;ментально устал;English;💔 Эмоционалдык сөздөр
I feel lost;я чувствую себя потерянным;я чувствую себя потерянным;я растерян;чувствую себя потерянным;English;💔 Эмоционалдык сөздөр
I’m drained;я выжат эмоционально;я осушен;я полностью вымотан;я без сил;English;💔 Эмоционалдык сөздөр
I miss those days;я скучаю по тем временам;я скучаю по тем дням;я скучаю по тому времени;скучаю по тем дням;English;💔 Эмоционалдык сөздөр
I feel numb;я ничего не чувствую;я чувствую онемение;я эмоционально опустошен;чувствую пустоту;English;💔 Эмоционалдык сөздөр
I’m overthinking again;я снова себя накручиваю;я снова слишком много думаю;я снова накручиваю себя;опять overthinking;English;🧠 Психология
I need a hug;мне нужны объятия;мне нужно объятие;мне хочется поддержки;нужны объятия;English;💔 Эмоционалдык сөздөр
I’m not okay;мне плохо;я не в порядке;мне плохо;я не окей;English;💔 Эмоционалдык сөздөр
It hurts emotionally;это больно морально;это причиняет эмоциональную боль;это морально больно;эмоционально больно;English;💔 Эмоционалдык сөздөр
I feel anxious;я тревожусь;я чувствую тревогу;мне тревожно;чувствую тревогу;English;🧠 Психология
I feel disconnected;я чувствую отдаленность;я чувствую себя отключенным;я чувствую себя отстраненно;отключен эмоционально;English;💔 Эмоционалдык сөздөр
I’m emotionally tired;я эмоционально устал;я эмоционально устал;я морально устал;эмоционально выгорел;English;💔 Эмоционалдык сөздөр
I feel safe with you;мне спокойно рядом с тобой;я чувствую себя в безопасности с тобой;мне спокойно с тобой;безопасно рядом с тобой;English;💔 Эмоционалдык сөздөр
I just want peace;я просто хочу спокойствия;я просто хочу мира;я хочу спокойствия;хочу покоя;English;💔 Эмоционалдык сөздөр
I needed to hear that;мне было важно это услышать;мне нужно было услышать это;мне важно было это услышать;нужно было это услышать;English;💔 Эмоционалдык сөздөр
Жүрөгү сыздады;на душе стало больно;сердце заныло;стало тяжело на душе;сердце заболело;Kyrgyz;🗣 Кыргыз сөз айкаштары
Көзүнө жаш тегеренди;навернулись слезы;слезы закружились в глазах;на глазах появились слезы;слезы навернулись;Kyrgyz;🗣 Кыргыз сөз айкаштары
Ичи ачышты;стало очень жалко;внутри заболело;стало жалко;душа заболела;Kyrgyz;🗣 Кыргыз сөз айкаштары
Көңүлү чөктү;упало настроение;настроение упало;расстроился;душа упала;Kyrgyz;🗣 Кыргыз сөз айкаштары
Жүрөгү тынчып калды;успокоился;сердце успокоилось;успокоился;сердце стало спокойным;Kyrgyz;🗣 Кыргыз сөз айкаштары
Көзү жашылданды;позавидовал;глаза позеленели;позавидовал;глаза стали зелеными;Kyrgyz;🗣 Кыргыз сөз айкаштары
Ичи эзилди;стало тяжело на душе;внутри сжалось;душа сжалась;внутри заболело;Kyrgyz;🗣 Кыргыз сөз айкаштары
Көңүлү жылыды;на душе стало тепло;настроение согрелось;стало приятно;душа согрелась;Kyrgyz;🗣 Кыргыз сөз айкаштары
Жүрөгү алып учту;очень обрадовался;сердце улетело;очень обрадовался;сердце взлетело;Kyrgyz;🗣 Кыргыз сөз айкаштары
Башын жоготту;растерялся;потерял голову;растерялся;потерял голову;Kyrgyz;🗣 Кыргыз сөз айкаштары
Story time;история из жизни;время истории;история из жизни;стори тайм;English;📱 Социалдык тармактар
POV;точка зрения;точка зрения;перспектива;пов;English;📱 Социалдык тармактар
Chronically online;слишком зависим от интернета;хронически онлайн;слишком много времени в интернете;вечно онлайн;English;📱 Социалдык тармактар
Cancel culture;культура отмены;культура отмены;культура отмены;культура отмены;English;📱 Социалдык тармактар
Go viral;стать вирусным в интернете;стать вирусным;стать популярным;завируситься;English;📱 Социалдык тармактар
Spam account;дополнительный аккаунт;спам аккаунт;второй аккаунт;спам страница;English;📱 Социалдык тармактар
Mutuals;взаимные подписки;взаимные;взаимные подписчики;мутуалы;English;📱 Социалдык тармактар
Catfish;выдавать себя за другого человека;сом;обманывать личностью;катфишить;English;📱 Социалдык тармактар
Clout chasing;погоня за популярностью;охота за влиянием;искать популярность;клоут чейсинг;English;📱 Социалдык тармактар
Shadow banned;теневой бан;теневой запрет;скрытый бан;теневой бан;English;📱 Социалдык тармактар
Clickbait;кликбейт;приманка для кликов;кликбейт;клик приманка;English;📱 Социалдык тармактар
Doomscrolling;бесконечно листать плохие новости;думскроллинг;бесконечно листать новости;дум скроллинг;English;📱 Социалдык тармактар
Feed aesthetic;эстетика профиля;эстетика ленты;стиль профиля;эстетика фида;English;📱 Социалдык тармактар
Influencer;инфлюенсер;влиятельный человек;блогер-инфлюенсер;инфлюенсер;English;📱 Социалдык тармактар
Go live;выйти в прямой эфир;идти жить;выйти в эфир;запустить лайв;English;📱 Социалдык тармактар
Trending audio;популярный звук;трендовый звук;популярный аудиотрек;тренд аудио;English;📱 Социалдык тармактар
Algorithm pushed it;алгоритм продвинул это;алгоритм толкнул это;алгоритм продвинул публикацию;алгоритм продвинул;English;📱 Социалдык тармактар
Comment section is wild;комментарии это что-то;раздел комментариев дикий;в комментариях хаос;комменты жесть;English;📱 Социалдык тармактар
Terminally online;слишком зависим от интернета;терминально онлайн;слишком зависим от соцсетей;безвылазно онлайн;English;📱 Социалдык тармактар
Digital detox;отдых от интернета;цифровая детоксикация;отдых от гаджетов;детокс от соцсетей;English;📱 Социалдык тармактар
Girl dinner;хаотичный перекус;ужин девушки;легкий случайный ужин;герл диннер;English;😂 Мемдер
Boy math;шуточная мужская логика;математика парней;мужская логика;бой мэс;English;😂 Мемдер
Girl math;шуточная женская логика;математика девушек;женская логика;герл мэс;English;😂 Мемдер
Main character moment;ощущение себя главным героем;момент главного персонажа;ощущение главного героя;главный герой момент;English;😂 Мемдер
NPC energy;поведение как у NPC;энергия NPC;поведение без эмоций;энергия нпс;English;😂 Мемдер
Delulu is the solulu;иллюзии это решение;делулу это солулу;иногда мечты помогают;делулу решение;English;😂 Мемдер
He is so babygirl;он выглядит слишком мило;он такой бейбигерл;он очень милый;он бейби герл;English;😂 Мемдер
It’s giving…;создает ощущение…;это дает…;создает вайб…;это дает вайб;English;😂 Мемдер
Core memory unlocked;всплыло важное воспоминание;основная память разблокирована;вспомнился важный момент;разблокирована память;English;😂 Мемдер
I fear I ate;кажется я был слишком хорош;боюсь я это съел;я отлично справился;я разнес;English;😂 Мемдер
We listen and we don’t judge;мы слушаем без осуждения;мы слушаем и не осуждаем;слушаем без критики;не осуждаем;English;😂 Мемдер
Girlboss;уверенная успешная девушка;герлбосс;успешная девушка;герл босс;English;😂 Мемдер
Sigma male;самостоятельный независимый мужчина;сигма мужчина;независимый мужчина;сигма мейл;English;😂 Мемдер
Ohio meme;странный абсурдный мем;мем Огайо;абсурдный интернет-мем;мем ohio;English;😂 Мемдер
Skibidi;абсурдный интернет-мем;скибиди;мем без прямого значения;скибиди;English;😂 Мемдер
Rizzler;человек с сильной харизмой;риззлер;харизматичный человек;риззлер;English;😂 Мемдер
Mewing;упражнение для линии челюсти;мьюинг;техника для челюсти;мьюинг;English;😂 Мемдер
Negative aura points;минус к репутации;отрицательные очки ауры;потеря уважения;минус аура;English;😂 Мемдер
Bro is cooked;ему конец;бро приготовлен;ему конец;бро попал;English;😂 Мемдер
A blessing in disguise;к лучшему несмотря на трудности;благословение под маской;скрытое благо;благо под прикрытием;English;📖 Идиомалар
Kill two birds with one stone;убить двух зайцев одним выстрелом;убить двух птиц одним камнем;решить две задачи сразу;убить двух птиц одним камнем;English;📖 Идиомалар
Costs an arm and a leg;очень дорого;стоит руку и ногу;очень дорого;стоит конечностей;English;📖 Идиомалар
Hit the nail on the head;попасть в точку;ударить гвоздь по голове;точно подметить;ударить по гвоздю;English;📖 Идиомалар
Bite off more than you can chew;взять на себя слишком много;откусить больше чем можешь прожевать;взять слишком много;откусить слишком много;English;📖 Идиомалар
Burn bridges;сжечь мосты;сжечь мосты;разорвать связи;сжечь мосты;English;📖 Идиомалар
Costs a fortune;стоит целое состояние;стоит состояние;очень дорого;целое состояние;English;📖 Идиомалар
On thin ice;в опасном положении;на тонком льду;в опасной ситуации;на тонком льду;English;📖 Идиомалар
Add fuel to the fire;подливать масла в огонь;добавить топливо в огонь;усугублять ситуацию;добавить огонь;English;📖 Идиомалар
The elephant in the room;очевидная проблема которую все игнорируют;слон в комнате;очевидная проблема;слон в комнате;English;📖 Идиомалар
Башы көккө жетти;был очень счастлив;голова достигла неба;был очень счастлив;голова до неба;Kyrgyz;🗣 Кыргыз сөз айкаштары
Көзүнө жаш алды;прослезился;взял слезы в глаза;прослезился;слезы появились в глазах;Kyrgyz;🗣 Кыргыз сөз айкаштары
Оозу-мурду кыйшайды;обиделся;рот и нос искривились;обиделся;перекосило лицо;Kyrgyz;🗣 Кыргыз сөз айкаштары
Сөз таппай калды;не нашел слов;не нашел слова;не нашел слов;не смог подобрать слова;Kyrgyz;🗣 Кыргыз сөз айкаштары
Колун жууп кетти;отказался от чего-то;помыл руки и ушел;отказался от дела;умыл руки;Kyrgyz;🗣 Кыргыз сөз айкаштары
Жүрөгү муздады;успокоился;сердце остыло;успокоился;сердце охладело;Kyrgyz;🗣 Кыргыз сөз айкаштары
Жини келди;разозлился;пришел джинн;разозлился;разозлился;Kyrgyz;🗣 Кыргыз сөз айкаштары
Тили байланды;не смог говорить;язык связался;не смог говорить;язык связался;Kyrgyz;🗣 Кыргыз сөз айкаштары
Көзү илинди;захотелось спать;глаза зацепились;начал засыпать;глаза закрываются;Kyrgyz;🗣 Кыргыз сөз айкаштары
Көңүлү жайланды;успокоился;душа успокоилась;успокоился;настроение улучшилось;Kyrgyz;🗣 Кыргыз сөз айкаштары
Адам аласы ичинде мал аласы тышында;у человека недостатки внутри а у скота снаружи;пестрота человека внутри пестрота скота снаружи;истинная сущность человека скрыта внутри;недостатки человека внутри;Kyrgyz;🇰🇬 Кыргыз макал-лакаптары
Жакшынын сөзү жан азыгы;доброе слово питает душу;слово хорошего человека пища для души;добрые слова поддерживают человека;слово хорошего человека пища;Kyrgyz;🇰🇬 Кыргыз макал-лакаптары
Ат айланып казыгын табат;человек возвращается к своим корням;конь кружась находит колышек;каждый возвращается к своему месту;конь найдет свой кол;Kyrgyz;🇰🇬 Кыргыз макал-лакаптары
Эл ичи алтын бешик;родная земля золотая колыбель;среди народа золотая колыбель;родной народ самое ценное;народ золотая колыбель;Kyrgyz;🇰🇬 Кыргыз макал-лакаптары
Улууну урматта кичүүнү ызаатта;уважай старших и заботься о младших;уважай старших уважай младших;уважай всех по возрасту;уважай старших;Kyrgyz;🇰🇬 Кыргыз макал-лакаптары
Таш менен урганды аш менен ур;на зло отвечай добром;ударившего камнем ударь едой;отвечай добром на зло;ударь едой вместо камня;Kyrgyz;🇰🇬 Кыргыз макал-лакаптары
Ач кадырын ток билбейт;сытый не поймет голодного;сытый не знает ценность голодного;сытый не понимает голодного;сытый не поймет;Kyrgyz;🇰🇬 Кыргыз макал-лакаптары
Жалгыз дарак токой болбойт;один человек не сможет сделать все;одно дерево не лес;один человек не справится один;одно дерево не лес;Kyrgyz;🇰🇬 Кыргыз макал-лакаптары
Көп жашаган билбейт көптү көргөн билет;важен опыт а не возраст;долго живший не знает много видевший знает;опыт важнее возраста;видевший многое знает;Kyrgyz;🇰🇬 Кыргыз макал-лакаптары
Ойноп сүйлөсөң да ойлоп сүйлө;думай прежде чем говорить;даже шутя думай говоря;думай над словами;говори подумав;Kyrgyz;🇰🇬 Кыргыз макал-лакаптары
Суу көрбөгөн чөмүч алат;неопытный человек торопится;не видевший воды берет ковш;неопытный человек спешит;берет ковш не видя воды;Kyrgyz;🇰🇬 Кыргыз макал-лакаптары
Жакшы адам элге жакын;хороший человек близок народу;хороший человек близок людям;добрый человек любим людьми;хороший человек близок;Kyrgyz;🇰🇬 Кыргыз макал-лакаптары
Эл менен болсоң эр болосуң;с народом человек становится сильнее;если с народом будешь станешь героем;вместе люди сильнее;с народом станешь сильным;Kyrgyz;🇰🇬 Кыргыз макал-лакаптары
Билимдүүгө дүйнө жарык;образованному человеку мир открыт;для знающего мир светлый;знания открывают возможности;мир светел знающему;Kyrgyz;🇰🇬 Кыргыз макал-лакаптары
Жигитке жетимиш өнөр аздык кылат;настоящий человек должен многое уметь;для мужчины и семидесяти ремесел мало;человек должен быть разносторонним;семьдесят умений мало;Kyrgyz;🇰🇬 Кыргыз макал-лакаптары
First impression matters;первое впечатление важно;первое впечатление имеет значение;первое впечатление важно;важно первое впечатление;English;💼 Бизнес англис тили
Customer satisfaction;удовлетворенность клиентов;удовлетворение клиентов;удовлетворенность клиентов;удовлетворенность клиента;English;💼 Бизнес англис тили
Target audience;целевая аудитория;целевая аудитория;целевая аудитория;целевая аудитория;English;💼 Бизнес англис тили
Brand awareness;узнаваемость бренда;осведомленность о бренде;узнаваемость бренда;знание бренда;English;💼 Бизнес англис тили
Competitive advantage;конкурентное преимущество;конкурентное преимущество;преимущество над конкурентами;конкурентное преимущество;English;💼 Бизнес англис тили
Think big;мысли масштабно;думай широко;мысли масштабно;думай по-крупному;English;💼 Бизнес англис тили
Start from scratch;начать с нуля;начать с царапины;начать заново;начать с нуля;English;💼 Бизнес англис тили
Take responsibility;взять ответственность;взять ответственность;нести ответственность;взять ответственность;English;💼 Бизнес англис тили
Problem-solving skills;навыки решения проблем;навыки решения проблем;умение решать проблемы;скиллы решения проблем;English;💼 Бизнес англис тили
Leadership skills;лидерские качества;лидерские навыки;навыки лидерства;лидерские качества;English;💼 Бизнес англис тили
Stay productive;оставаться продуктивным;оставаться продуктивным;быть продуктивным;оставайся продуктивным;English;💼 Бизнес англис тили
Take initiative;проявлять инициативу;взять инициативу;проявлять инициативу;брать инициативу;English;💼 Бизнес англис тили
Job opportunity;возможность трудоустройства;возможность работы;вакансия;возможность работы;English;💼 Бизнес англис тили
Company policy;политика компании;политика компании;правила компании;политика фирмы;English;💼 Бизнес англис тили
Work ethic;отношение к работе;рабочая этика;трудовая дисциплина;рабочая этика;English;💼 Бизнес англис тили
Quiet quitting;работать без лишней отдачи;тихое увольнение;делать только минимум работы;тихий уход;English;💼 Бизнес англис тили
Clock in;отметиться на работе;зайти по часам;начать рабочий день;отметиться;English;💼 Бизнес англис тили
Clock out;закончить рабочий день;выйти по часам;уйти с работы;отметиться на выходе;English;💼 Бизнес англис тили
Side hustle;дополнительный заработок;боковая суета;подработка;сайд хасл;English;💼 Бизнес англис тили
Office politics;офисные интриги;офисная политика;отношения внутри коллектива;политика офиса;English;💼 Бизнес англис тили
I need space;мне нужно побыть одному;мне нужно пространство;мне нужно личное пространство;нужно пространство;English;💔 Эмоционалдык сөздөр
I feel ignored;я чувствую себя ненужным;я чувствую себя игнорируемым;чувствую себя забытым;чувствую игнор;English;💔 Эмоционалдык сөздөр
You hurt my feelings;ты задел мои чувства;ты ранил мои чувства;ты меня обидел;ты обидел мои чувства;English;💔 Эмоционалдык сөздөр
I’m trying my best;я стараюсь как могу;я пытаюсь как могу;я очень стараюсь;пытаюсь изо всех сил;English;💔 Эмоционалдык сөздөр
I feel lonely;я чувствую одиночество;я чувствую себя одиноким;мне одиноко;чувствую себя одиноко;English;💔 Эмоционалдык сөздөр
I need emotional support;мне нужна эмоциональная поддержка;мне нужна эмоциональная поддержка;мне нужна поддержка;нужна моральная поддержка;English;💔 Эмоционалдык сөздөр
I’m emotionally attached;я эмоционально привязался;я эмоционально привязан;я сильно привязался;эмоционально привязан;English;💔 Эмоционалдык сөздөр
I don’t feel understood;мне кажется меня не понимают;я не чувствую понимания;меня не понимают;не чувствую понимания;English;💔 Эмоционалдык сөздөр
I miss you badly;я очень скучаю по тебе;я сильно скучаю по тебе;я ужасно скучаю;сильно скучаю;English;💔 Эмоционалдык сөздөр
I feel emotionally distant;я чувствую отдаленность;я чувствую эмоциональную дистанцию;я чувствую холод;эмоционально далеко;English;💔 Эмоционалдык сөздөр
My social battery is dead;у меня закончились силы на общение;моя социальная батарея мертва;я устал от общения;социальная батарея села;English;🧠 Психология
I need therapy;мне нужна психологическая помощь;мне нужна терапия;мне нужна помощь психолога;нужна терапия;English;🧠 Психология
I’m emotionally unavailable;я эмоционально закрыт;я эмоционально недоступен;мне сложно открываться;эмоционально недоступен;English;🧠 Психология
Trauma dump;эмоционально выговориться;вывалить травму;слишком резко рассказать о проблемах;травма дамп;English;🧠 Психология
Validation;эмоциональное подтверждение;валидация;поддержка чувств;валидация эмоций;English;🧠 Психология
Emotional dependence;эмоциональная зависимость;эмоциональная зависимость;сильная зависимость от человека;эмоциональная зависимость;English;🧠 Психология
Fear of abandonment;страх быть брошенным;страх покинутости;страх остаться одному;страх быть брошенным;English;🧠 Психология
Emotional detachment;эмоциональная отстраненность;эмоциональное отчуждение;эмоциональная холодность;эмоциональная дистанция;English;🧠 Психология
Low self-worth;низкая самооценка;низкая ценность себя;неуверенность в себе;низкая самооценка;English;🧠 Психология
People exhaustion;усталость от людей;истощение людьми;усталость от общения;усталость от людей;English;🧠 Психология
Touch grass;оторвись от интернета;потрогай траву;выйди на улицу;иди потрогай траву;English;🌍 Интернет сленги
Main character energy;энергия главного героя;энергия главного персонажа;уверенность в себе;главный герой вайб;English;🌍 Интернет сленги
Slay;круто выглядеть / отлично справиться;убивать;быть великолепным;слэй;English;🌍 Интернет сленги
Bet;договорились / хорошо;ставка;хорошо;бет;English;🌍 Интернет сленги
Sus;подозрительный;подозрительный;странный;сус;English;🌍 Интернет сленги
Lowkey;немного / скрытно;низкий ключ;немного;лоуки;English;🌍 Интернет сленги
Highkey;очень сильно / открыто;высокий ключ;очень сильно;хайкей;English;🌍 Интернет сленги
No cap;без шуток / честно;без кепки;честно;ноу кэп;English;🌍 Интернет сленги
Cap;ложь / вранье;кепка;ложь;кэп;English;🌍 Интернет сленги
Mid;средний / скучный;середина;посредственный;мид;English;🌍 Интернет сленги
Cringe;кринж / неловкость;съеживаться;неловко;кринж;English;🌍 Интернет сленги
Flex;хвастаться;сгибать;хвастаться;флексить;English;🌍 Интернет сленги
Based;смелый / настоящий;основанный;уверенный в своем мнении;бейзд;English;🌍 Интернет сленги
Simp;слишком зависимый от симпатии человек;простак;слишком влюбленный человек;симп;English;🌍 Интернет сленги
Stan;преданный фанат;стан;преданный поклонник;стан;English;🌍 Интернет сленги
Triggered;сильно задетый эмоционально;спровоцированный;эмоционально задетый;триггернулся;English;🌍 Интернет сленги
Catch feelings;влюбиться эмоционально;поймать чувства;сильно привязаться;словить чувства;English;🌍 Интернет сленги
Soft launch relationship;намекнуть на отношения в соцсетях;мягкий запуск отношений;неофициально показать отношения;софт лаунч отношений;English;📱 Социалдык тармактар
Hard launch relationship;официально показать отношения;жесткий запуск отношений;официально объявить отношения;хард лаунч отношений;English;📱 Социалдык тармактар
Seen-zoned;проигнорировали после прочтения;зона просмотра;оставили без ответа после прочтения;игнор после просмотра;English;📱 Социалдык тармактар
Ghosting;резко прекратить общение;гостинг;исчезнуть без объяснений;игнор без объяснения;English;📱 Социалдык тармактар
Breadcrumbing;давать ложную надежду в общении;крошки хлеба;поддерживать интерес без серьезности;брэдкрамбинг;English;📱 Социалдык тармактар
Love bombing;чрезмерно заваливать вниманием;бомбардировка любовью;слишком навязчивая любовь;лав бомбинг;English;📱 Социалдык тармактар
Dry texting;сухое общение;сухая переписка;неэмоциональные сообщения;сухие сообщения;English;📱 Социалдык тармактар
Left on read;оставили прочитанным без ответа;оставили на прочитанном;проигнорировали после прочтения;оставили на read;English;📱 Социалдык тармактар
Game changer;то что меняет ситуацию;изменитель игры;важное изменение;гейм чейнджер;English;💼 Бизнес англис тили
Think on your feet;быстро принимать решения;думать на ногах;быстро соображать;думать на ходу;English;💼 Бизнес англис тили
Win-win situation;выгодно всем;выигрыш-выигрыш ситуация;обоюдная выгода;вин вин ситуация;English;💼 Бизнес англис тили
Action plan;план действий;план действий;четкий план;экшн план;English;💼 Бизнес англис тили
Set priorities;расставить приоритеты;установить приоритеты;определить главное;ставить приоритеты;English;💼 Бизнес англис тили
Monthly report;ежемесячный отчет;месячный отчет;ежемесячный отчет;месячный отчет;English;💼 Бизнес англис тили
Task management;управление задачами;управление задачами;организация задач;таск менеджмент;English;💼 Бизнес англис тили
Work remotely;работать удаленно;работать удаленно;работать дистанционно;работать онлайн;English;💼 Бизнес англис тили
Generate revenue;приносить доход;генерировать доход;зарабатывать прибыль;генерировать прибыль;English;💼 Бизнес англис тили
Meeting agenda;план встречи;повестка встречи;темы собрания;повестка митинга;English;💼 Бизнес англис тили
I’m emotionally drained;я морально истощен;я эмоционально осушен;я эмоционально вымотан;эмоционально без сил;English;💔 Эмоционалдык сөздөр
I feel betrayed;я чувствую предательство;я чувствую себя преданным;мне больно из-за предательства;чувствую предательство;English;💔 Эмоционалдык сөздөр
I can’t stop crying;я не могу перестать плакать;я не могу остановить плач;не могу успокоиться;не могу перестать плакать;English;💔 Эмоционалдык сөздөр
I’m trying to heal;я пытаюсь восстановиться;я пытаюсь исцелиться;я пытаюсь прийти в себя;пытаюсь исцелиться;English;💔 Эмоционалдык сөздөр
I feel abandoned;я чувствую себя брошенным;я чувствую себя покинутым;мне кажется меня оставили;чувствую себя брошенным;English;💔 Эмоционалдык сөздөр
I feel emotionally unsafe;я не чувствую эмоциональной безопасности;я чувствую себя эмоционально небезопасно;мне тревожно рядом;эмоционально небезопасно;English;💔 Эмоционалдык сөздөр
I just want to disappear;я хочу исчезнуть;я просто хочу исчезнуть;хочу спрятаться от всего;хочу исчезнуть;English;💔 Эмоционалдык сөздөр
I feel broken inside;внутри мне очень больно;я чувствую себя сломанным внутри;я чувствую пустоту внутри;сломан внутри;English;💔 Эмоционалдык сөздөр
I’m emotionally attached to you;я сильно к тебе привязался;я эмоционально привязан к тебе;я очень к тебе привязался;эмоционально привязан;English;💔 Эмоционалдык сөздөр
I’m scared to lose you;я боюсь тебя потерять;я боюсь потерять тебя;мне страшно тебя потерять;боюсь потерять тебя;English;💔 Эмоционалдык сөздөр
Social burnout;усталость от общения;социальное выгорание;усталость от людей;социальное выгорание;English;🧠 Психология
Emotional overload;эмоциональная перегрузка;эмоциональная перегрузка;слишком много эмоций;эмоциональный overload;English;🧠 Психология
Fear of rejection;страх быть отвергнутым;страх отказа;страх отвержения;страх отказа;English;🧠 Психология
Mood swings;резкие перепады настроения;перепады настроения;смена настроения;скачки настроения;English;🧠 Психология
Emotional numbness;эмоциональное онемение;эмоциональная немота;эмоциональная пустота;эмоциональное онемение;English;🧠 Психология
People drain me;люди меня утомляют;люди истощают меня;я устаю от людей;люди выматывают;English;🧠 Психология
Emotionally sensitive;эмоционально чувствительный;эмоционально чувствительный;очень восприимчивый;чувствительный эмоционально;English;🧠 Психология
I need reassurance;мне нужна поддержка и уверенность;мне нужно заверение;мне важно услышать поддержку;нужно reassurance;English;🧠 Психология
Overstimulated;эмоционально перегружен;чрезмерно стимулирован;слишком перегружен;перестимулирован;English;🧠 Психология
Emotionally unavailable person;эмоционально закрытый человек;эмоционально недоступный человек;человек которому сложно открываться;эмоционально недоступный;English;🧠 Психология
It’s giving anxiety;это вызывает тревогу;это дает тревогу;это тревожит;дает тревогу;English;🌍 Интернет сленги
I’m obsessed;я в восторге / я помешан;я одержим;мне это очень нравится;одержим этим;English;🌍 Интернет сленги
That’s iconic;это легендарно;это культово;это очень круто;это iconic;English;🌍 Интернет сленги
Main slayer energy;энергия главной звезды;энергия главного убийцы;очень уверенная энергия;главный слей вайб;English;🌍 Интернет сленги
You ate that;ты отлично справился;ты это съел;ты сделал это идеально;ты разнес;English;🌍 Интернет сленги
He’s a walking red flag;он сплошной ред флаг;он ходячий красный флаг;с ним одни проблемы;ходячий ред флаг;English;🌍 Интернет сленги
She’s glowing;она сияет / прекрасно выглядит;она светится;она очень похорошела;сияет;English;🌍 Интернет сленги
This ain’t it;это вообще не то;это не это;это плохая идея;это не то;English;🌍 Интернет сленги
Stay delusional;оставайся в своих мечтах;оставайся заблуждающимся;живи своими фантазиями;оставайся delulu;English;🌍 Интернет сленги
I’m literally crying;я буквально плачу;я буквально плачу;мне очень смешно или грустно;буквально плачу;English;🌍 Интернет сленги
Replying in seconds;отвечать мгновенно;отвечать в секундах;отвечать очень быстро;ответ за секунду;English;📱 Социалдык тармактар
Private story;закрытая история;личная история;история для близких друзей;приват сторис;English;📱 Социалдык тармактар
Spam likes;массово лайкать;спам лайки;ставить много лайков подряд;спам лайки;English;📱 Социалдык тармактар
Close friends story;история для близких друзей;история близких друзей;закрытая история;клоз френдс сторис;English;📱 Социалдык тармактар
Soft block;мягко ограничить общение;мягкий блок;аккуратно убрать из подписчиков;софт блок;English;📱 Социалдык тармактар
Online stalking;следить через соцсети;онлайн преследование;постоянно проверять соцсети человека;сталкинг онлайн;English;📱 Социалдык тармактар
Story viewer;просмотрщик историй;зритель истории;тот кто смотрит сторис;просмотрщик сторис;English;📱 Социалдык тармактар
Seen my story instantly;сразу посмотрел мою сторис;увидел мою историю мгновенно;быстро посмотрел сторис;мгновенно увидел сторис;English;📱 Социалдык тармактар
He removed me from close friends;он убрал меня из close friends;он удалил меня из близких друзей;он исключил меня из закрытых историй;убрал из close friends;English;📱 Социалдык тармактар
Story reaction;реакция на сторис;реакция на историю;ответ на сторис;реакция на сторис;English;📱 Социалдык тармактар
AFK farming;получать ресурсы без участия игрока;AFK фарминг;автоматический фарм ресурсов;афк фарм;English;🎮 Оюн сленги
Camping;сидеть в одном месте в игре;кемпинг;ждать игроков в одной точке;кемперство;English;🎮 Оюн сленги
Spawn point;точка появления;точка спавна;место возрождения;спавн точка;English;🎮 Оюн сленги
Grinding;долгое прокачивание;гриндинг;долгая прокачка;гринд;English;🎮 Оюн сленги
Loot drop;выпавшие игровые предметы;дроп лута;выпавшие ресурсы;дроп предметов;English;🎮 Оюн сленги
Ranked match;рейтинговая игра;ранговый матч;соревновательная игра;ранкед матч;English;🎮 Оюн сленги
Skill cooldown;время перезарядки способности;перезарядка навыка;время восстановления навыка;кулдаун способности;English;🎮 Оюн сленги
Rage player;очень агрессивный игрок;яростный игрок;токсичный игрок;рейдж игрок;English;🎮 Оюн сленги
NPC dialogue;диалог NPC;диалог неигрового персонажа;реплики NPC;нпс диалог;English;🎮 Оюн сленги
Level up;повысить уровень;уровень вверх;получить новый уровень;апнуть уровень;English;🎮 Оюн сленги
One step at a time;всему свое время;один шаг за раз;постепенно двигаться вперед;шаг за шагом;English;💔 Эмоционалдык сөздөр
You are enough;ты достаточно хорош;ты достаточен;ты ценен таким какой есть;тебя достаточно;English;💔 Эмоционалдык сөздөр
Take care of yourself;береги себя;заботься о себе;береги себя;позаботься о себе;English;💔 Эмоционалдык сөздөр
I’m proud of you;я горжусь тобой;я горжусь тобой;я тобой горжусь;горжусь тобой;English;💔 Эмоционалдык сөздөр
You deserve better;ты заслуживаешь лучшего;ты заслуживаешь лучше;ты достоин большего;заслуживаешь лучшего;English;💔 Эмоционалдык сөздөр
It still hurts;до сих пор больно;это все еще больно;мне все еще больно;все еще больно;English;💔 Эмоционалдык сөздөр
I’m trying to move on;я пытаюсь отпустить ситуацию;я пытаюсь двигаться дальше;пытаюсь жить дальше;пытаюсь двигаться дальше;English;💔 Эмоционалдык сөздөр
I needed closure;мне нужно было завершение;мне нужно было закрытие;мне важно было поставить точку;нужно было closure;English;💔 Эмоционалдык сөздөр
You deserve peace;ты заслуживаешь спокойствия;ты заслуживаешь мира;ты достоин спокойной жизни;заслуживаешь покоя;English;💔 Эмоционалдык сөздөр
Healing takes time;восстановление требует времени;исцеление требует времени;на восстановление нужно время;исцеление требует времени;English;💔 Эмоционалдык сөздөр
I’m overstimulated;я перегружен эмоциями и шумом;я чрезмерно стимулирован;я слишком перегружен;перестимулирован;English;🧠 Психология
Emotional shutdown;эмоциональное закрытие;эмоциональное отключение;замкнуться эмоционально;эмоциональный shutdown;English;🧠 Психология
Hyperfixation;чрезмерная зацикленность;гиперфиксация;сильная концентрация на чем-то;гиперфиксация;English;🧠 Психология
Avoidant attachment;избегающий тип привязанности;избегающая привязанность;тип привязанности с избеганием;избегающая привязанность;English;🧠 Психология
Emotional validation;подтверждение чувств;эмоциональная валидация;поддержка эмоций;валидация чувств;English;🧠 Психология
People pleasing behavior;желание всем угодить;поведение угождения людям;стремление нравиться всем;угождение людям;English;🧠 Психология
Anxious attachment;тревожный тип привязанности;тревожная привязанность;тип тревожной привязанности;тревожная привязанность;English;🧠 Психология
Emotional masking;скрывать настоящие эмоции;эмоциональная маскировка;скрытие эмоций;маскировка эмоций;English;🧠 Психология
Burnout recovery;восстановление после выгорания;восстановление выгорания;восстановление после эмоционального истощения;рекавери после burnout;English;🧠 Психология
Trauma bond;болезненная эмоциональная привязанность;травматическая связь;токсичная эмоциональная связь;травма связь;English;🧠 Психология
He passed the vibe check;он подошел по вайбу;он прошел проверку вибраций;с ним комфортно;прошел vibe check;English;🌍 Интернет сленги
This is so unserious;это невозможно воспринимать серьезно;это так несерьезно;это какой-то абсурд;это несерьезно;English;🌍 Интернет сленги
I’m screaming;это очень смешно / шокирует;я кричу;меня это сильно удивило;я ору;English;🌍 Интернет сленги
That’s so real;это очень жизненно;это так реально;это правда жизни;это реально жизненно;English;🌍 Интернет сленги
It’s giving main character;ощущение главного героя;это дает главного героя;вайб главного героя;дает main character;English;🌍 Интернет сленги
He’s lowkey cute;он немного милый;он низко ключевой милый;он довольно милый;лоуки милый;English;🌍 Интернет сленги
That fit goes hard;этот образ очень крутой;этот наряд идет жестко;образ выглядит круто;лук жесткий;English;🌍 Интернет сленги
No because literally;ну потому что реально;нет потому что буквально;это буквально правда;реально же;English;🌍 Интернет сленги
I’m obsessed with this;я в восторге от этого;я одержим этим;мне это очень нравится;одержим этим;English;🌍 Интернет сленги
This healed something in me;это будто что-то во мне исцелило;это исцелило что-то во мне;мне стало легче от этого;это меня исцелило;English;🌍 Интернет сленги
Story spam;много сторис подряд;спам историями;слишком много сторис;спам сторис;English;📱 Социалдык тармактар
Instagram dump;подборка случайных фото;дамп инстаграма;хаотичная подборка фото;инста дамп;English;📱 Социалдык тармактар
Aesthetic account;эстетичный аккаунт;эстетический аккаунт;красиво оформленный профиль;эстетик аккаунт;English;📱 Социалдык тармактар
Follower count;количество подписчиков;счетчик подписчиков;число подписчиков;количество фолловеров;English;📱 Социалдык тармактар
Verified badge;галочка верификации;подтвержденный значок;официальная галочка;верифицированный значок;English;📱 Социалдык тармактар
Shadowban;теневой бан;теневой запрет;скрытое ограничение аккаунта;теневой бан;English;📱 Социалдык тармактар
Content creator;создатель контента;создатель содержимого;автор контента;контент мейкер;English;📱 Социалдык тармактар
Explore page;страница рекомендаций;страница исследования;лента рекомендаций;страница explore;English;📱 Социалдык тармактар
Viral trend;вирусный тренд;вирусный тренд;популярный интернет-тренд;вирусный тренд;English;📱 Социалдык тармактар
Online mutual;интернет-знакомый с взаимной подпиской;онлайн взаимный;взаимный подписчик;онлайн mutual;English;📱 Социалдык тармактар
Loot box;игровой набор со случайными предметами;коробка добычи;случайный игровой набор;лутбокс;English;🎮 Оюн сленги
Open world game;игра с открытым миром;игра открытого мира;игра где можно свободно исследовать мир;открытый мир;English;🎮 Оюн сленги
Boss fight;битва с главным врагом;бой с боссом;сражение с боссом;босс файт;English;🎮 Оюн сленги
Character build;развитие персонажа;сборка персонажа;характеристики персонажа;билд персонажа;English;🎮 Оюн сленги
Damage dealer;персонаж наносящий основной урон;дилер урона;атакующий персонаж;дамаг дилер;English;🎮 Оюн сленги
Healing support;персонаж поддержки и лечения;исцеляющая поддержка;лечащий персонаж;хил саппорт;English;🎮 Оюн сленги
Critical hit;критический удар;критический удар;мощный удар;крит удар;English;🎮 Оюн сленги
Respawn;возродиться после смерти в игре;респавн;появиться заново после смерти;возрождение;English;🎮 Оюн сленги
Speedrun;быстрое прохождение игры;скоростной забег;прохождение на скорость;спидран;English;🎮 Оюн сленги
Game lag;задержка в игре;игровой лаг;подвисание игры;лаги в игре;English;🎮 Оюн сленги
Өзөгү өрттөндү;очень сильно переживал;сердцевина сгорела;очень страдал внутри;внутри все сгорело;Kyrgyz;🗣 Кыргыз сөз айкаштары
Көзү төрт болду;очень сильно ждал;глаза стали четырьмя;с нетерпением ждал;глаза в ожидании;Kyrgyz;🗣 Кыргыз сөз айкаштары
Жүрөгү жарыла жаздады;чуть сердце не разорвалось от эмоций;сердце чуть не лопнуло;очень сильно переживал;сердце чуть не разорвалось;Kyrgyz;🗣 Кыргыз сөз айкаштары
Ичи туз куйгандай ачышты;было очень больно на душе;внутри будто соль насыпали;душа сильно болела;словно соль на рану;Kyrgyz;🗣 Кыргыз сөз айкаштары
Көңүлү көкөлөдү;очень обрадовался;настроение взлетело;душа радовалась;настроение поднялось;Kyrgyz;🗣 Кыргыз сөз айкаштары
Башы айланды;растерялся / закружилась голова;голова закружилась;растерялся;голова кружится;Kyrgyz;🗣 Кыргыз сөз айкаштары
Жүрөгүнө жакын алды;принял близко к сердцу;взял близко к сердцу;сильно переживал;близко принял;Kyrgyz;🗣 Кыргыз сөз айкаштары
Колу ачык;щедрый человек;рука открытая;щедрый человек;открытая рука;Kyrgyz;🗣 Кыргыз сөз айкаштары
Көңүлү ток;спокойный и довольный человек;душа сытая;доволен жизнью;душа спокойна;Kyrgyz;🗣 Кыргыз сөз айкаштары
Сөзү өттү;его слова имели вес;его слово прошло;к нему прислушались;слово прошло;Kyrgyz;🗣 Кыргыз сөз айкаштары
Keep your chin up;не унывай;держи подбородок вверх;не падай духом;держи голову выше;English;💔 Эмоционалдык сөздөр
You’re doing great;ты отлично справляешься;ты делаешь отлично;у тебя хорошо получается;ты молодец;English;💔 Эмоционалдык сөздөр
I’m here for you;я рядом с тобой;я здесь для тебя;я поддержу тебя;я здесь ради тебя;English;💔 Эмоционалдык сөздөр
Take your time;не торопись;возьми свое время;делай спокойно;не спеши;English;💔 Эмоционалдык сөздөр
It’s okay to cry;плакать нормально;это нормально плакать;можно поплакать;нормально плакать;English;💔 Эмоционалдык сөздөр
I feel emotionally exhausted;я эмоционально истощен;я эмоционально измотан;я морально без сил;эмоционально устал;English;💔 Эмоционалдык сөздөр
I can’t explain this feeling;я не могу объяснить это чувство;я не могу объяснить это ощущение;мне сложно описать это чувство;не могу объяснить чувства;English;💔 Эмоционалдык сөздөр
I need peace of mind;мне нужно душевное спокойствие;мне нужен мир разума;мне нужен внутренний покой;нужен покой;English;💔 Эмоционалдык сөздөр
I feel emotionally disconnected;я чувствую эмоциональную отдаленность;я чувствую себя эмоционально отключенным;я чувствую холод внутри;эмоционально отключен;English;💔 Эмоционалдык сөздөр
You matter;ты важен;ты имеешь значение;ты очень важен;ты значим;English;💔 Эмоционалдык сөздөр
Emotional resilience;эмоциональная устойчивость;эмоциональная стойкость;умение справляться с трудностями;эмоциональная устойчивость;English;🧠 Психология
Emotional trauma;эмоциональная травма;эмоциональная травма;психологическая травма;эмоциональная травма;English;🧠 Психология
Social withdrawal;социальная замкнутость;социальное отстранение;желание избегать людей;социальное отдаление;English;🧠 Психология
Stress response;реакция на стресс;стрессовый ответ;реакция организма на стресс;реакция на стресс;English;🧠 Психология
Overattachment;чрезмерная привязанность;сверхпривязанность;слишком сильная зависимость;сильная привязанность;English;🧠 Психология
Emotional coping;эмоциональное преодоление трудностей;эмоциональное совладание;способ справляться с эмоциями;копинг эмоций;English;🧠 Психология
Emotional healing;эмоциональное восстановление;эмоциональное исцеление;восстановление после переживаний;эмоциональное исцеление;English;🧠 Психология
Self-reflection;самоанализ;самоотражение;анализ своих мыслей и чувств;саморефлексия;English;🧠 Психология
Inner peace;внутренний покой;внутренний мир;душевное спокойствие;внутренний покой;English;🧠 Психология
Emotional support system;круг эмоциональной поддержки;система эмоциональной поддержки;люди которые поддерживают;эмоциональная поддержка система;English;🧠 Психология
Bro thinks he’s him;он слишком уверен в себе;бро думает что он тот самый;он слишком высокого мнения о себе;думает что он главный;English;🌍 Интернет сленги
Caught lacking;застали врасплох;пойман без защиты;застали неподготовленным;поймали врасплох;English;🌍 Интернет сленги
This slaps;это очень круто;это шлепает;это реально классно;это разносит;English;🌍 Интернет сленги
Bro is wilding;он ведет себя безумно;бро дичает;он творит странные вещи;бро сходит с ума;English;🌍 Интернет сленги
Big yikes;очень неловко;большой ой;очень стыдная ситуация;жесткий кринж;English;🌍 Интернет сленги
It’s not giving;это не производит впечатления;это не дает;это совсем не то;не дает вайба;English;🌍 Интернет сленги
He fell off;он потерял популярность;он упал;он уже не так хорош;скатился;English;🌍 Интернет сленги
I’m deceased;я умираю от смеха;я умер;мне очень смешно;я мертв от смеха;English;🌍 Интернет сленги
She’s serving looks;она выглядит потрясающе;она подает образы;она очень стильная;подает вайб;English;🌍 Интернет сленги
He’s so unserious;его невозможно воспринимать серьезно;он такой несерьезный;он очень странный и смешной;несерьезный человек;English;🌍 Интернет сленги
Spam posting;выкладывать слишком много постов;спам публикация;слишком часто публиковать;спам постинг;English;📱 Социалдык тармактар
Profile aesthetic;стиль профиля;эстетика профиля;визуальный стиль аккаунта;эстетика профиля;English;📱 Социалдык тармактар
DM request;запрос в личные сообщения;запрос DM;запрос на переписку;запрос в директ;English;📱 Социалдык тармактар
Story repost;репост сторис;повторная публикация истории;поделиться сторис;репост истории;English;📱 Социалдык тармактар
Follower ratio;соотношение подписчиков и подписок;соотношение фолловеров;баланс подписчиков;ratio подписчиков;English;📱 Социалдык тармактар
Online presence;активность в интернете;онлайн присутствие;публичность в соцсетях;присутствие онлайн;English;📱 Социалдык тармактар
Social media break;перерыв от соцсетей;перерыв социальных медиа;отдых от соцсетей;перерыв от интернета;English;📱 Социалдык тармактар
Comment farming;собирать комментарии ради активности;ферма комментариев;провоцировать комментарии;фарм комментариев;English;📱 Социалдык тармактар
Mutual interaction;взаимная активность;взаимодействие mutual;активность между подписчиками;взаимная активность;English;📱 Социалдык тармактар
Trend hopping;постоянно следовать трендам;прыжки по трендам;повторять популярные тренды;хоппинг трендов;English;📱 Социалдык тармактар
Game mechanics;механика игры;механика игры;игровые правила и системы;механики игры;English;🎮 Оюн сленги
Voice chat;голосовой чат;голосовой чат;разговор в игре голосом;войс чат;English;🎮 Оюн сленги
Health bar;шкала здоровья;полоса здоровья;индикатор здоровья;хп бар;English;🎮 Оюн сленги
Battle pass;боевой пропуск;боевой пропуск;система наград в игре;батл пасс;English;🎮 Оюн сленги
Co-op mode;совместный режим игры;кооперативный режим;игра вместе с другими;кооп режим;English;🎮 Оюн сленги
Ping issue;проблема с соединением;проблема пинга;задержка интернета в игре;высокий пинг;English;🎮 Оюн сленги
Enemy spotted;враг замечен;враг обнаружен;заметили противника;враг рядом;English;🎮 Оюн сленги
Rank push;поднимать рейтинг;толчок ранга;повышать игровой ранг;апать ранг;English;🎮 Оюн сленги
Team wipe;полностью победить команду противника;уничтожение команды;полное уничтожение команды;вайп команды;English;🎮 Оюн сленги
Friendly fire;урон своим союзникам;дружественный огонь;случайно атаковать союзников;урон по своим;English;🎮 Оюн сленги
Ичи жылыды;стало приятно на душе;внутри согрелось;стало тепло на душе;душа согрелась;Kyrgyz;🗣 Кыргыз сөз айкаштары
Көзү ачылды;понял правду;глаза открылись;осознал ситуацию;открыл глаза;Kyrgyz;🗣 Кыргыз сөз айкаштары
Оюна келди;вдруг вспомнил / пришла идея;пришло в мысль;вдруг вспомнил;пришло в голову;Kyrgyz;🗣 Кыргыз сөз айкаштары
Жаны кашайды;очень сильно переживал;душа чесалась;душа болела;внутри мучился;Kyrgyz;🗣 Кыргыз сөз айкаштары
Көңүлү тынды;успокоился;душа успокоилась;стало спокойно;душа успокоилась;Kyrgyz;🗣 Кыргыз сөз айкаштары
Сөзгө келди;начал спорить;пришел к слову;начал ругаться словами;вступил в спор;Kyrgyz;🗣 Кыргыз сөз айкаштары
Баш көтөрбөй иштеди;работал без отдыха;работал не поднимая головы;очень много работал;работал без остановки;Kyrgyz;🗣 Кыргыз сөз айкаштары
Көзүн карады;зависел от чужого решения;смотрел в глаза;ждал реакции другого человека;смотрел в глаза;Kyrgyz;🗣 Кыргыз сөз айкаштары
Колу бош эмес;очень занят;руки не пустые;нет свободного времени;руки заняты;Kyrgyz;🗣 Кыргыз сөз айкаштары
Тили узун;слишком много говорит;язык длинный;болтливый человек;длинный язык;Kyrgyz;🗣 Кыргыз сөз айкаштары
Бакыт акчада эмес;счастье не в деньгах;счастье не в деньгах;главное не деньги а счастье;счастье не деньги;Kyrgyz;🇰🇬 Кыргыз макал-лакаптары
Ырыс алды ынтымак;согласие приносит благополучие;перед счастьем согласие;единство приносит счастье;согласие начало достатка;Kyrgyz;🇰🇬 Кыргыз макал-лакаптары
Жигит сөзүнөн кайтпайт;настоящий человек держит слово;мужчина не отказывается от слов;человек должен отвечать за слова;не отказывается от слов;Kyrgyz;🇰🇬 Кыргыз макал-лакаптары
Карысы бар үйдүн ырысы бар;где есть старшие там есть благословение;у дома со стариком есть счастье;старшие приносят мудрость и счастье;дом со старшим счастлив;Kyrgyz;🇰🇬 Кыргыз макал-лакаптары
Эмгек кылсаң эминбей тоюңарсың тегиндей;если трудиться будет достаток;если трудиться будешь есть бесплатно;труд приносит результат;труд даст достаток;Kyrgyz;🇰🇬 Кыргыз макал-лакаптары
Жакшы сөз жарым ырыс;доброе слово половина счастья;хорошее слово половина счастья;добрые слова очень важны;доброе слово половина достатка;Kyrgyz;🇰🇬 Кыргыз макал-лакаптары
Эл үчүн кызмат кыл;служи народу;служи для народа;делай добро людям;служи людям;Kyrgyz;🇰🇬 Кыргыз макал-лакаптары
Ойлонуп сүйлө;думай прежде чем говорить;говори подумав;сначала подумай потом говори;говори обдуманно;Kyrgyz;🇰🇬 Кыргыз макал-лакаптары
Адамдын көркү адеп;человека украшает воспитание;красота человека воспитание;главное в человеке воспитанность;человека украшает характер;Kyrgyz;🇰🇬 Кыргыз макал-лакаптары
Биримдик бар жерде күч бар;где есть единство там сила;где есть единство есть сила;вместе люди сильнее;единство это сила;Kyrgyz;🇰🇬 Кыргыз макал-лакаптары
Жакшы дос жаман күндө билинет;настоящий друг познается в беде;хороший друг узнается в плохой день;друг познается в трудностях;друг узнается в беде;Kyrgyz;🇰🇬 Кыргыз макал-лакаптары
Билим эмгек менен келет;знания приходят через труд;знание приходит с трудом;для знаний нужен труд;знание приходит через труд;Kyrgyz;🇰🇬 Кыргыз макал-лакаптары
Тил адамдын күзгүсү;язык отражает человека;язык зеркало человека;по речи виден человек;язык зеркало души;Kyrgyz;🇰🇬 Кыргыз макал-лакаптары
Адамга адам керек;человеку нужен человек;человеку нужен человек;людям нужна поддержка друг друга;человек нужен человеку;Kyrgyz;🇰🇬 Кыргыз макал-лакаптары
Жакшы жүрсөң өзүңө пайда;если вести себя хорошо будет польза тебе;если хорошо ходишь польза тебе;хорошие поступки полезны самому человеку;хорошее поведение полезно;Kyrgyz;🇰🇬 Кыргыз макал-лакаптары
No hard feelings;без обид;никаких тяжелых чувств;без обид;не держи зла;English;💔 Эмоционалдык сөздөр
I needed that;мне это было нужно;мне это было необходимо;мне стало легче от этого;мне это нужно было;English;💔 Эмоционалдык сөздөр
I feel seen;я чувствую что меня понимают;я чувствую себя увиденным;меня понимают;я чувствую понимание;English;💔 Эмоционалдык сөздөр
I’m healing slowly;я постепенно восстанавливаюсь;я медленно исцеляюсь;я постепенно прихожу в себя;медленно восстанавливаюсь;English;💔 Эмоционалдык сөздөр
You made my day;ты сделал мой день лучше;ты сделал мой день;ты очень порадовал меня;сделал мой день;English;💔 Эмоционалдык сөздөр
I needed comfort;мне нужна была поддержка;мне нужен был комфорт;мне хотелось тепла и поддержки;нужен был комфорт;English;💔 Эмоционалдык сөздөр
I feel emotionally safe;я чувствую себя спокойно рядом;я чувствую себя эмоционально безопасно;мне комфортно рядом;эмоционально безопасно;English;💔 Эмоционалдык сөздөр
This means a lot to me;это много для меня значит;это значит много для меня;это очень важно для меня;это много значит;English;💔 Эмоционалдык сөздөр
I appreciate you;я ценю тебя;я ценю тебя;я очень благодарен тебе;ценю тебя;English;💔 Эмоционалдык сөздөр
I’m emotionally overwhelmed;я эмоционально перегружен;я эмоционально переполнен;мне слишком тяжело эмоционально;эмоционально overwhelmed;English;💔 Эмоционалдык сөздөр
Sensory overload;сенсорная перегрузка;сенсорная перегрузка;слишком много раздражителей;сенсорный overload;English;🧠 Психология
Emotional repression;подавление эмоций;эмоциональное подавление;скрывание эмоций;подавление чувств;English;🧠 Психология
Overthinking spiral;цикл навязчивых мыслей;спираль чрезмерного обдумывания;зацикленность на мыслях;спираль overthinking;English;🧠 Психология
Emotional dependency;эмоциональная зависимость;эмоциональная зависимость;сильная привязанность к человеку;эмоциональная зависимость;English;🧠 Психология
People burnout;усталость от постоянного общения;выгорание от людей;истощение от общения;выгорание от людей;English;🧠 Психология
Childhood trauma;детская психологическая травма;детская травма;травма из детства;травма детства;English;🧠 Психология
Emotional flashback;эмоциональное воспоминание травмы;эмоциональная вспышка воспоминаний;резкое возвращение тяжелых эмоций;эмоциональный флешбек;English;🧠 Психология
Chronic stress;хронический стресс;хронический стресс;постоянное напряжение;хронический стресс;English;🧠 Психология
Emotional sensitivity;повышенная эмоциональность;эмоциональная чувствительность;сильная восприимчивость к эмоциям;эмоциональная чувствительность;English;🧠 Психология
Fear of intimacy;страх близости;страх интимности;страх эмоциональной близости;страх близких отношений;English;🧠 Психология
This is peak comedy;это очень смешно;это пик комедии;это максимально смешно;пик юмора;English;🌍 Интернет сленги
Bro is fighting demons;у него сейчас тяжелый период;бро сражается с демонами;он сильно страдает;борется с демонами;English;🌍 Интернет сленги
That’s wild;это жесть;это дикое;это безумие;это дико;English;🌍 Интернет сленги
You understood the assignment;ты отлично справился;ты понял задание;ты сделал все идеально;понял задачу;English;🌍 Интернет сленги
It’s a canon event;это неизбежный этап;это каноническое событие;это должно было случиться;канон событие;English;🌍 Интернет сленги
Not me doing that;ну и я тоже это сделал;не я делающий это;я тоже так сделал;неужели я это сделал;English;🌍 Интернет сленги
I’m crying screaming throwing up;я в шоке от эмоций;я плачу кричу и меня тошнит;меня переполняют эмоции;плачу и ору;English;🌍 Интернет сленги
This healed my inner child;это порадовало моего внутреннего ребенка;это исцелило моего внутреннего ребенка;это принесло мне детскую радость;исцелило inner child;English;🌍 Интернет сленги
He’s literally me;это буквально я;он буквально я;я очень себя с ним ассоциирую;буквально я;English;🌍 Интернет сленги
That’s so out of pocket;это вообще слишком;это так вне кармана;это уже перебор;это слишком;English;🌍 Интернет сленги
POV: you survived the week;ты пережил эту неделю;точка зрения ты пережил неделю;ты справился с этой неделей;пов ты пережил неделю;English;🌍 Интернет сленги
Mood for today;настроение на сегодня;настроение для сегодня;сегодняшний вайб;настроение дня;English;🌍 Интернет сленги
Mentally I’m here;мысленно я уже там;ментально я здесь;мыслями я в другом месте;ментально здесь;English;🌍 Интернет сленги
I fear this ate;это было слишком круто;боюсь это съело;это получилось идеально;это разнесло;English;🌍 Интернет сленги
We’re so back;мы снова в деле;мы так вернулись;все снова хорошо;мы вернулись;English;🌍 Интернет сленги
It’s over for me;мне конец;это закончилось для меня;для меня все плохо;мне конец;English;🌍 Интернет сленги
This is my villain era;это мой период злодея;это моя эра злодея;я сейчас в темном периоде;эра злодея;English;🌍 Интернет сленги
Main character breakdown;эмоциональный срыв главного героя;срыв главного персонажа;драматичный эмоциональный момент;срыв главного героя;English;🌍 Интернет сленги
I’m just a girl;я всего лишь девушка;я просто девушка;я обычная девушка;я просто girl;English;🌍 Интернет сленги
He gives golden retriever energy;он очень добрый и милый;он дает энергию золотистого ретривера;у него вайб доброго человека;вайб ретривера;English;🌍 Интернет сленги
Story lurking;тихо смотреть сторис;скрытое наблюдение за историями;анонимно смотреть сторис;лукать сторис;English;📱 Социалдык тармактар
Fake account viewing;смотреть с фейкового аккаунта;просмотр с фальшивого аккаунта;следить через фейк;просмотр с фейка;English;📱 Социалдык тармактар
Replying with emojis only;отвечать только эмоджи;отвечать только смайликами;реагировать эмоджи;ответ эмоджи;English;📱 Социалдык тармактар
Story engagement;активность в сторис;вовлеченность историй;реакции на сторис;активность сторис;English;📱 Социалдык тармактар
Viral sound;вирусный звук;вирусный саунд;популярный звук в соцсетях;вирусный трек;English;📱 Социалдык тармактар
Private account;закрытый аккаунт;частный аккаунт;закрытый профиль;приват аккаунт;English;📱 Социалдык тармактар
Social media cleanse;очистка соцсетей;очищение социальных сетей;удаление лишнего из соцсетей;чистка соцсетей;English;📱 Социалдык тармактар
Chronically offline;почти не сидит в интернете;хронически офлайн;редко появляется онлайн;вечно офлайн;English;📱 Социалдык тармактар
Comment stalking;читать все комментарии человека;преследование комментариев;следить через комментарии;сталкинг комментариев;English;📱 Социалдык тармактар
Muted stories;скрытые сторис;заглушенные истории;отключенные истории человека;мут сторис;English;📱 Социалдык тармактар
XP farming;фарм опыта;фарм XP;долгое получение опыта;фарм опыта;English;🎮 Оюн сленги
Teammate diff;разница в уровне игроков команды;разница товарищей по команде;слабая команда;тиммейт diff;English;🎮 Оюн сленги
Broken character;слишком сильный персонаж;сломанный персонаж;несбалансированный герой;имба персонаж;English;🎮 Оюн сленги
Map awareness;понимание карты;осведомленность карты;умение ориентироваться по карте;понимание карты;English;🎮 Оюн сленги
Hard carry;тащить всю команду;жесткий перенос;выигрывать почти в одиночку;тащер;English;🎮 Оюн сленги
Revive teammate;оживить союзника;возродить товарища;поднять союзника;реснуть тиммейта;English;🎮 Оюн сленги
Clutch moment;решающий момент;момент сцепления;момент решающего действия;клатч момент;English;🎮 Оюн сленги
Enemy camping;враг сидит в одной точке;вражеский кемпинг;противник ждет в укрытии;кемперит враг;English;🎮 Оюн сленги
Low HP;мало здоровья;низкое HP;почти нет здоровья;мало хп;English;🎮 Оюн сленги
Ultimate ability;ультимативная способность;ультимативная способность;самая сильная способность персонажа;ульта;English;🎮 Оюн сленги
Machine learning model;модель машинного обучения;модель машинного обучения;ИИ модель обучения;модель ML;English;🤖 NLP терминдери
Data annotation;разметка данных;аннотация данных;подготовка данных для ИИ;разметка датасета;English;🤖 NLP терминдери
Text classification;классификация текста;классификация текста;разделение текста по категориям;классификация текста;English;🤖 NLP терминдери
Language detection;определение языка;обнаружение языка;распознавание языка текста;детекция языка;English;🤖 NLP терминдери
Sentiment analysis;анализ тональности;анализ настроений;анализ эмоций текста;анализ тональности;English;🤖 NLP терминдери
Chatbot response;ответ чат-бота;ответ чатбота;автоматический ответ бота;ответ бота;English;🤖 NLP терминдери
Speech-to-text;преобразование речи в текст;речь в текст;распознавание речи в текст;голос в текст;English;🤖 NLP терминдери
Text summarization;краткое изложение текста;суммаризация текста;автоматическое сокращение текста;саммари текста;English;🤖 NLP терминдери
Language generation;генерация текста;генерация языка;создание текста ИИ;генерация текста;English;🤖 NLP терминдери
AI-powered translation;машинный перевод на основе ИИ;перевод управляемый ИИ;ИИ перевод;AI перевод;English;🤖 NLP терминдери
Жүрөгү элжиреди;растрогался;сердце растаяло;очень растрогался;сердце размякло;Kyrgyz;🗣 Кыргыз сөз айкаштары
Ичи күйсө да сыр бербеди;скрывал боль внутри;хоть внутри горело не показал;не показывал свои переживания;скрыл боль;Kyrgyz;🗣 Кыргыз сөз айкаштары
Башы катты;сильно задумался;голова затвердела;не мог понять ситуацию;голова запуталась;Kyrgyz;🗣 Кыргыз сөз айкаштары
Сөзү өтүмдүү;его слова влиятельны;его слова проходят;к его словам прислушиваются;весомые слова;Kyrgyz;🗣 Кыргыз сөз айкаштары
Жүзү жарык;приятный и добрый человек;лицо светлое;человек с хорошей энергетикой;светлое лицо;Kyrgyz;🗣 Кыргыз сөз айкаштары
Көзү күйдү;сильно позавидовал;глаза сгорели;испытал зависть;глаза загорелись;Kyrgyz;🗣 Кыргыз сөз айкаштары
Көңүлү толду;остался довольным;душа наполнилась;получил удовлетворение;душа полна;Kyrgyz;🗣 Кыргыз сөз айкаштары
Ичи тар;завистливый человек;внутри узкий;жадный и завистливый человек;узкая душа;Kyrgyz;🗣 Кыргыз сөз айкаштары
Колу жеңил;удачливый человек / легкая рука;легкая рука;человек которому везет;легкая рука;Kyrgyz;🗣 Кыргыз сөз айкаштары
Сөзү кыска;немногословный человек;слово короткое;человек который мало говорит;короткие слова;Kyrgyz;🗣 Кыргыз сөз айкаштары
Көп окуган көп билет;кто много читает тот много знает;много читающий много знает;знания приходят через чтение;много читающий знает больше;Kyrgyz;🇰🇬 Кыргыз макал-лакаптары
Эмгек түбү береке;труд приводит к благополучию;конец труда достаток;труд приносит результат;труд приносит достаток;Kyrgyz;🇰🇬 Кыргыз макал-лакаптары
Сабырдын түбү сары алтын;терпение приводит к хорошему;конец терпения желтое золото;терпение вознаграждается;терпение золото;Kyrgyz;🇰🇬 Кыргыз макал-лакаптары
Жаман сөз жан кейитет;плохие слова ранят душу;плохое слово душу мучает;обидные слова причиняют боль;плохие слова ранят;Kyrgyz;🇰🇬 Кыргыз макал-лакаптары
Окуу билим булагы;учеба источник знаний;учеба источник знания;образование дает знания;знание через учебу;Kyrgyz;🇰🇬 Кыргыз макал-лакаптары
Better late than never;лучше поздно чем никогда;лучше поздно чем никогда;лучше сделать поздно чем не сделать;лучше поздно чем никогда;English;📖 Идиомалар
Actions speak louder than words;поступки важнее слов;действия говорят громче слов;дела важнее слов;действия важнее слов;English;📖 Идиомалар
Every cloud has a silver lining;после трудностей приходит хорошее;у каждого облака серебряная подкладка;в любой ситуации есть что-то хорошее;у облака серебро;English;📖 Идиомалар
The ball is in your court;теперь решение за тобой;мяч на твоей стороне;теперь твоя очередь решать;мяч у тебя;English;📖 Идиомалар
Don’t judge a book by its cover;не суди по внешности;не суди книгу по обложке;внешность обманчива;не суди по обложке;English;📖 Идиомалар
Hit rock bottom;оказаться на самом дне;ударить каменное дно;пережить самый тяжелый период;достичь дна;English;📖 Идиомалар
Let the cat out of the bag;выдать секрет;выпустить кота из мешка;случайно раскрыть тайну;выпустить кота;English;📖 Идиомалар
A once in a lifetime opportunity;шанс который бывает раз в жизни;возможность раз в жизни;редкая возможность;шанс всей жизни;English;📖 Идиомалар
Burn the midnight oil;работать допоздна;жечь полуночное масло;работать ночью;работать до ночи;English;📖 Идиомалар
Cut corners;делать кое-как ради экономии;срезать углы;экономить на качестве;халтурить;English;📖 Идиомалар
Easy does it;не спеши;легко делает это;делай спокойно;полегче;English;📖 Идиомалар
Get cold feet;испугаться перед важным решением;получить холодные ноги;струсить;замерзли ноги;English;📖 Идиомалар
In hot water;в неприятностях;в горячей воде;в проблемной ситуации;в горячей воде;English;📖 Идиомалар
Jump on the bandwagon;следовать тренду;прыгнуть на повозку;поддержать популярное направление;запрыгнуть в тренд;English;📖 Идиомалар
The last straw;последняя капля;последняя соломинка;момент после которого терпение закончилось;последняя капля;English;📖 Идиомалар
No pain no gain;без труда нет результата;нет боли нет выгоды;для успеха нужны усилия;без труда нет успеха;English;📖 Идиомалар
Speak of the devil;вспомнишь человека и он появится;говори о дьяволе;только о нем заговорили и он появился;вспомнишь вот и он;English;📖 Идиомалар
Time flies;время летит незаметно;время летит;время проходит быстро;время быстро летит;English;📖 Идиомалар
Through thick and thin;и в радости и в трудностях;через толстое и тонкое;при любых обстоятельствах;через все трудности;English;📖 Идиомалар
Wrap your head around it;понять что-то сложное;обернуть голову вокруг этого;разобраться в чем-то;понять это;English;📖 Идиомалар
You can say that again;еще бы / это точно;ты можешь сказать это снова;полностью согласен;точно сказано;English;📖 Идиомалар
Break a leg;ни пуха ни пера;сломай ногу;удачи перед выступлением;сломай ногу;English;📖 Идиомалар
Costs a pretty penny;очень дорого стоит;стоит красивую монету;стоит больших денег;очень дорого;English;📖 Идиомалар
Hit the road;отправиться в путь;ударить дорогу;поехать куда-то;в путь;English;📖 Идиомалар
On cloud nine;быть очень счастливым;на девятом облаке;быть на седьмом небе от счастья;на облаке счастья;English;📖 Идиомалар
Көп сүйлөгөн көп жаңылат;кто много говорит тот чаще ошибается;много говорящий много ошибается;слишком много слов ведет к ошибкам;много говорящий ошибается;Kyrgyz;🇰🇬 Кыргыз макал-лакаптары
Жаш келсе ишке;старость к мудрости а молодость к делу;молодость приходит к делу;молодые должны быть активными;молодость для дела;Kyrgyz;🇰🇬 Кыргыз макал-лакаптары
Адам болуу кыйын;быть хорошим человеком сложно;быть человеком трудно;хорошим человеком быть нелегко;трудно быть человеком;Kyrgyz;🇰🇬 Кыргыз макал-лакаптары
Баланы жашынан үйрөт;воспитывай ребенка с детства;учи ребенка с малого возраста;воспитание начинается с детства;учи ребенка с детства;Kyrgyz;🇰🇬 Кыргыз макал-лакаптары
Таза болсоң суудай бол;если чист душой будь как вода;если чист будь как вода;будь честным и открытым;будь как чистая вода;Kyrgyz;🇰🇬 Кыргыз макал-лакаптары
Жакшыдан үйрөн жамандан жирен;учись у хороших избегай плохих;учись у хорошего избегай плохого;бери пример с хороших людей;учись хорошему;Kyrgyz;🇰🇬 Кыргыз макал-лакаптары
Ынтымак бар жерде ырыс бар;где есть согласие там благополучие;где есть согласие там счастье;единство приносит достаток;согласие приносит счастье;Kyrgyz;🇰🇬 Кыргыз макал-лакаптары
Сөздүн көркү макал;украшение речи это пословица;красота слова пословица;пословицы украшают речь;пословица украшает слово;Kyrgyz;🇰🇬 Кыргыз макал-лакаптары
Акыл жаштан чыгат;мудрость бывает и у молодых;ум выходит из молодости;молодые тоже могут быть мудрыми;ум приходит от молодых;Kyrgyz;🇰🇬 Кыргыз макал-лакаптары
Элге кызмат кылган элден сый көрөт;кто служит людям тот получает уважение;служащий народу видит уважение от народа;добрые дела возвращаются уважением;служащий народу уважаем;Kyrgyz;🇰🇬 Кыргыз макал-лакаптары
Late night thoughts;ночные мысли;поздние ночные мысли;мысли по ночам;ночные размышления;English;💔 Эмоционалдык сөздөр
I miss my old self;я скучаю по прежнему себе;я скучаю по старому себе;мне не хватает себя прежнего;скучаю по старому себе;English;💔 Эмоционалдык сөздөр
I feel emotionally stuck;я будто застрял эмоционально;я чувствую себя эмоционально застрявшим;не могу двигаться дальше эмоционально;эмоционально застрял;English;💔 Эмоционалдык сөздөр
Everything feels heavy;все кажется слишком тяжелым;все ощущается тяжелым;мне очень тяжело морально;все тяжело;English;💔 Эмоционалдык сөздөр
I’m trying not to overthink;я пытаюсь не накручивать себя;я пытаюсь не передумывать;пытаюсь не зацикливаться на мыслях;пытаюсь не overthink;English;💔 Эмоционалдык сөздөр
I just need silence;мне просто нужна тишина;мне просто нужна тишина;мне нужен покой и тишина;нужна тишина;English;💔 Эмоционалдык сөздөр
I’m emotionally confused;я запутался в своих чувствах;я эмоционально запутан;мне сложно понять свои эмоции;эмоционально запутан;English;💔 Эмоционалдык сөздөр
I needed reassurance from you;мне нужна была поддержка от тебя;мне нужно было заверение от тебя;мне важно было услышать поддержку от тебя;нужна была reassurance;English;💔 Эмоционалдык сөздөр
I’m scared of being replaced;я боюсь что меня заменят;я боюсь быть замененным;мне страшно стать ненужным;боюсь замены;English;💔 Эмоционалдык сөздөр
Some wounds stay forever;некоторые раны остаются навсегда;некоторые раны остаются навечно;некоторые переживания не проходят;раны остаются навсегда;English;💔 Эмоционалдык сөздөр
Emotional shutdown mode;режим эмоционального закрытия;режим эмоционального отключения;полностью закрыться эмоционально;эмоциональный shutdown;English;🧠 Психология
Fear of being ignored;страх быть проигнорированным;страх быть игнорируемым;страх остаться без внимания;страх игнора;English;🧠 Психология
Emotional burnout recovery;восстановление после эмоционального выгорания;восстановление эмоционального выгорания;восстановление морального состояния;рекавери после burnout;English;🧠 Психология
People pleasing tendency;склонность всем угождать;тенденция угождать людям;желание нравиться всем;people pleasing;English;🧠 Психология
Emotionally reactive;слишком эмоционально реагирующий;эмоционально реактивный;слишком чувствительно реагирующий;эмоционально реактивный;English;🧠 Психология
Mental exhaustion;моральное истощение;умственное истощение;сильная усталость психики;ментальное истощение;English;🧠 Психология
Overanalyzing conversations;слишком много анализировать общение;чрезмерный анализ разговоров;зацикливаться на диалогах;анализировать переписки;English;🧠 Психология
Emotionally unavailable friendship;эмоционально холодная дружба;эмоционально недоступная дружба;дружба без эмоциональной близости;холодная дружба;English;🧠 Психология
I need emotional clarity;мне нужна ясность в чувствах;мне нужна эмоциональная ясность;мне важно понять свои эмоции;эмоциональная ясность;English;🧠 Психология
Avoiding emotional attachment;избегать эмоциональной привязанности;избегание эмоциональной привязанности;бояться сильной привязанности;избегать привязанности;English;🧠 Психология
I’m emotionally unavailable right now;сейчас я эмоционально закрыт;я сейчас эмоционально недоступен;сейчас мне сложно открываться людям;эмоционально недоступен сейчас;English;💔 Эмоционалдык сөздөр
I feel mentally drained;я морально вымотан;я ментально истощен;я очень устал психологически;ментально без сил;English;💔 Эмоционалдык сөздөр
I don’t know how to explain it;я не знаю как это объяснить;я не знаю как объяснить это;мне сложно подобрать слова;не знаю как объяснить;English;💔 Эмоционалдык сөздөр
I’m trying to stay strong;я стараюсь держаться;я пытаюсь оставаться сильным;пытаюсь не сдаваться;пытаюсь быть сильным;English;💔 Эмоционалдык сөздөр
It ruined my mood;это испортило мне настроение;это разрушило мое настроение;мне стало грустно из-за этого;испортило настроение;English;💔 Эмоционалдык сөздөр
I’m emotionally attached to memories;я сильно привязан к воспоминаниям;я эмоционально привязан к воспоминаниям;мне тяжело отпустить прошлое;привязан к воспоминаниям;English;💔 Эмоционалдык сөздөр
I need time to heal;мне нужно время чтобы восстановиться;мне нужно время чтобы исцелиться;мне нужно время прийти в себя;нужно время на healing;English;💔 Эмоционалдык сөздөр
I feel emotionally distant from everyone;я чувствую себя отдаленно от всех;я чувствую эмоциональную дистанцию со всеми;мне сложно чувствовать близость с людьми;эмоционально далеко от всех;English;💔 Эмоционалдык сөздөр
I just want to feel okay again;я просто хочу снова почувствовать себя нормально;я просто хочу снова чувствовать себя хорошо;хочу снова почувствовать спокойствие;хочу снова быть в порядке;English;💔 Эмоционалдык сөздөр
I’m emotionally sensitive lately;в последнее время я слишком чувствителен;я эмоционально чувствителен в последнее время;в последнее время меня легко задеть;слишком чувствительный сейчас;English;💔 Эмоционалдык сөздөр
Чокой;традиционная обувь;обувь;traditional shoes;ботинки;Kyrgyz;Диалект Жана Регионализмдер
Ава;брат;ава;brother;брат;Kyrgyz;Диалект Жана Регионализмдер
Оля;эй ты;оля;hey you;эй;Kyrgyz;Диалект Жана Регионализмдер
Капырай;ничего себе;капирай;wow;вот это да;Kyrgyz;Диалект Жана Регионализмдер
Ии кокуй;ой ужас;ой кошмар;oh no;ужас;Kyrgyz;Диалект Жана Регионализмдер
Кагылайын;дорогой мой;коснусь тебя;my dear;дорогой;Kyrgyz;Диалект Жана Регионализмдер
Кой ай;ну хватит;оставь это;come on now;перестань;Kyrgyz;Диалект Жана Регионализмдер
Жоок;нет;жок;nope;нет;Kyrgyz;Диалект Жана Регионализмдер
Энеңди урайын;черт возьми;ударю твою мать;damn it;черт;Kyrgyz;Диалект Жана Регионализмдер
Баса;кстати;дави;by the way;кстати;Kyrgyz;Диалект Жана Регионализмдер
Ну да конечно;sure yeah;да конечно;yeah sure;конечно;Russian;Сарказм Жана Юмор
Очень смешно;very funny;очень смешно;so funny;очень смешно;Russian;Сарказм Жана Юмор
Молодец вообще;great job then;молодец вообще;nice one then;ну молодец;Russian;Сарказм Жана Юмор
Skill issue;сам виноват;проблема навыка;skill problem;проблема скилла;English;Сарказм Жана Юмор
Yeah right;ну конечно;да правильно;sure yeah;ага конечно;English;Сарказм Жана Юмор
Be serious;будь серьезен;будь серьезным;be for real;серьезно?;English;Сарказм Жана Юмор
Ооба да;ага конечно;да да;yeah sure;ну да;Kyrgyz;Сарказм Жана Юмор
Иий мейли;ну ладно тогда;ладно;sure then;ну хорошо;Kyrgyz;Сарказм Жана Юмор
Winter is coming;зима близко;зима приходит;winter is near;зима приближается;English;Кино Жана Сериал Репликалары
I am vengeance;я возмездие;я месть;i am revenge;я месть;English;Кино Жана Сериал Репликалары
You shall not pass;ты не пройдешь;ты не пройдешь;you cannot pass;не пройдешь;English;Кино Жана Сериал Репликалары
May the force be with you;да пребудет с тобой сила;пусть сила будет с тобой;may the force stay with you;да пребудет сила;English;Кино Жана Сериал Репликалары
Өч алам;я отомщу;я возьму месть;i will get revenge;отомщу;Kyrgyz;Кино Жана Сериал Репликалары
Prompt engineering;создание AI запросов;инженерия подсказок;prompt design;промпт инженерия;English;AI Жана Технология
Fine tuning;тонкая настройка;тонкая настройка;model tuning;файн тюнинг;English;AI Жана Технология
Machine learning;машинное обучение;машинное обучение;machine learning;машинное обучение;English;AI Жана Технология
Neural network;нейросеть;нейронная сеть;neural net;нейросеть;English;AI Жана Технология
Жасалма интеллект;искусственный интеллект;искусственный интеллект;artificial intelligence;AI;Kyrgyz;AI Жана Технология
Нейросеть;neural network;нейросеть;neural net;нейронная сеть;Russian;AI Жана Технология
